"Rota","Arquivo","Linha","Classificacao","Saidas"
"Admin/Dashboard","Controllers/AdminController.cs","9","1 - funcional e necessária","return View();"
"Agendamento/Novo","Controllers/AgendamentoController.cs","11","1 - funcional e necessária","return RedirectToAction(""Login"", ""Usuario""); / return RedirectToAction(""Index"", ""Home""); / return RedirectToAction(""Lista"", ""Profissional""); / return View();"
"Agendamento/Salvar","Controllers/AgendamentoController.cs","88","1 - funcional e necessária","return RedirectToAction(""Login"", ""Usuario""); / return RedirectToAction(""Novo"", new { servicoId }); / return RedirectToAction(""Novo"", new { servicoId }); / return RedirectToAction(""Novo"", new { servicoId, data }); / return RedirectToAction(""Novo"", new { servicoId }); / return RedirectToAction(""Novo"", new { servicoId }); / return RedirectToAction(""Novo"", new { servicoId }); / return RedirectToAction(""Novo"", new { servicoId }); / return RedirectToAction(""Novo"", new { servicoId, data }); / return RedirectToAction(""Meus"", ""Agendamento"");"
"Agendamento/Meus","Controllers/AgendamentoController.cs","214","1 - funcional e necessária","return View(lista);"
"Agendamento/Recebidos","Controllers/AgendamentoController.cs","230","1 - funcional e necessária","return View(lista);"
"Agendamento/Confirmar","Controllers/AgendamentoController.cs","246","1 - funcional e necessária","return RedirectToAction(""Recebidos"");"
"Agendamento/ConfirmarCliente","Controllers/AgendamentoController.cs","280","1 - funcional e necessária","return RedirectToAction(""Meus"");"
"Agendamento/Recusar","Controllers/AgendamentoController.cs","310","1 - funcional e necessária","return RedirectToAction(""Recebidos"");"
"Agendamento/Finalizar","Controllers/AgendamentoController.cs","342","1 - funcional e necessária","return RedirectToAction(HttpContext.Session.GetString(""UsuarioTipo"") == ""profissional"" ? ""Recebidos"" : ""Meus""); / return RedirectToAction(HttpContext.Session.GetString(""UsuarioTipo"") == ""profissional"" ? ""Recebidos"" : ""Meus""); / return RedirectToAction(HttpContext.Session.GetString(""UsuarioTipo"") == ""profissional"" ? ""Recebidos"" : ""Meus""); / return RedirectToAction(HttpContext.Session.GetString(""UsuarioTipo"") == ""profissional"" ? ""Recebidos"" : ""Meus""); / return RedirectToAction(HttpContext.Session.GetString(""UsuarioTipo"") == ""profissional"" ? ""Recebidos"" : ""Meus""); / return RedirectToAction(HttpContext.Session.GetString(""UsuarioTipo"") == ""profissional"" ? ""Recebidos"" : ""Meus""); / return RedirectToAction(HttpContext.Session.GetString(""UsuarioTipo"") == ""profissional"" ? ""Recebidos"" : ""Meus"");"
"Agendamento/FinalizarProfissional","Controllers/AgendamentoController.cs","452","3 - legado/compatibilidade; conferir observações",""
"Agendamento/Cancelar","Controllers/AgendamentoController.cs","460","1 - funcional e necessária","return RedirectToAction(HttpContext.Session.GetString(""UsuarioTipo"") == ""profissional"" ? ""Recebidos"" : ""Meus""); / return RedirectToAction(HttpContext.Session.GetString(""UsuarioTipo"") == ""profissional"" ? ""Recebidos"" : ""Meus""); / return RedirectToAction(HttpContext.Session.GetString(""UsuarioTipo"") == ""profissional"" ? ""Recebidos"" : ""Meus"");"
"Agendamento/DetalhesModal","Controllers/AgendamentoController.cs","559","3 - legado/compatibilidade; conferir observações","return RedirectToAction(ag.UsuarioId == UsuarioAtualId ? ""Meus"" : ""Recebidos"");"
"Avaliacao/Avaliar","Controllers/AvaliacaoController.cs","8","3 - legado/compatibilidade; conferir observações","return RedirectToAction(""Meus"", ""Agendamento""); / return RedirectToAction(""Meus"", ""Agendamento"");"
"Avaliacao/Salvar","Controllers/AvaliacaoController.cs","56","1 - funcional e necessária","return RedirectToAction(""Login"", ""Usuario""); / return RedirectToAction(""Meus"", ""Agendamento"");"
"Disponibilidade/Index","Controllers/Disponibilidade.cs","12","3 - legado/compatibilidade; conferir observações","return RedirectToAction(""MeusServicos"", ""Profissional"");"
"Disponibilidade/Criar","Controllers/Disponibilidade.cs","27","3 - legado/compatibilidade; conferir observações","return RedirectToAction(""MeusServicos"", ""Profissional"");"
"Disponibilidade/Salvar","Controllers/Disponibilidade.cs","33","3 - legado/compatibilidade; conferir observações","return RedirectToAction(""Index"");"
"Disponibilidade/Desativar","Controllers/Disponibilidade.cs","60","3 - legado/compatibilidade; conferir observações","return RedirectToAction(""Index"");"
"Home/Index","Controllers/HomeController.cs","11","1 - funcional e necessária","return View();"
"Home/Privacy","Controllers/HomeController.cs","20","3 - legado/compatibilidade; conferir observações","return View();"
"Home/Error","Controllers/HomeController.cs","26","1 - funcional e necessária","return View(new ErrorViewModel { RequestId = Activity.Current?.Id ?? HttpContext.TraceIdentifier });"
"Home/Termos","Controllers/HomeController.cs","30","1 - funcional e necessária","return View();"
"Home/Privacidade","Controllers/HomeController.cs","35","1 - funcional e necessária","return View();"
"Local/Lista","Controllers/LocalController.cs","22","1 - funcional e necessária","return View(lista);"
"Local/Salvar","Controllers/LocalController.cs","36","1 - funcional e necessária","return RedirectToAction(""Lista"");"
"Local/Excluir","Controllers/LocalController.cs","83","1 - funcional e necessária","return RedirectToAction(""Lista"");"
"Local/Index","Controllers/LocalController.cs","102","1 - funcional e necessária","return View(""Lista"", lista);"
"Notificacao/MarcarTodasLidas","Controllers/NotificacaoController.cs","12","1 - funcional e necessária",""
"Notificacao/Index","Controllers/NotificacaoController.cs","17","1 - funcional e necessária","return RedirectToAction(""Login"", ""Usuario""); / return View(lista);"
"Notificacao/Contador","Controllers/NotificacaoController.cs","34","1 - funcional e necessária",""
"Notificacao/MarcarComoLida","Controllers/NotificacaoController.cs","45","1 - funcional e necessária","return RedirectToAction(""Index"");"
"Notificacao/MarcarComoLidaAjax","Controllers/NotificacaoController.cs","54","1 - funcional e necessária",""
"Notificacao/Ultimas","Controllers/NotificacaoController.cs","67","1 - funcional e necessária","return PartialView(""_NotificacoesDropdown"", new List<Notificacao>()); / return PartialView(""_NotificacoesDropdown"", lista);"
"Notificacao/Abrir","Controllers/NotificacaoController.cs","83","1 - funcional e necessária","return RedirectToAction(""Index""); / return RedirectToAction(ag?.UsuarioId == UsuarioAtualId ? ""Meus"" : ""Recebidos"", ""Agendamento""); / return RedirectToAction(""Meus"", ""Agendamento""); / return RedirectToAction( ""Avaliar"", ""Avaliacao"", new { agendamentoId = notif.ReferenciaId } ); / return RedirectToAction(""Index"");"
"Pagamento/CheckoutPremium","Controllers/PagamentoController.cs","11","2 - funcional mas incompleta (simulação)","return RedirectToAction(""Login"", ""Usuario""); / return RedirectToAction(""Index"", ""Home""); / return View();"
"Pagamento/ConfirmarPremium","Controllers/PagamentoController.cs","37","2 - funcional mas incompleta (simulação)","return RedirectToAction(""Login"", ""Usuario""); / return RedirectToAction( ""Dashboard"", ""Profissional"" ); / return RedirectToAction( ""Dashboard"", ""Profissional"" );"
"Profissional/Lista","Controllers/ProfissionalController.cs","24","1 - funcional e necessária","return View(lista);"
"Profissional/Dashboard","Controllers/ProfissionalController.cs","56","1 - funcional e necessária","return RedirectToAction(""Login"", ""Usuario""); / return View(dados);"
"Profissional/MeusServicos","Controllers/ProfissionalController.cs","95","1 - funcional e necessária","return RedirectToAction(""Login"", ""Usuario""); / return View(lista);"
"Profissional/PerfilPublico","Controllers/ProfissionalController.cs","129","1 - funcional e necessária","return RedirectToAction(""Login"", ""Usuario""); / return View(profissional);"
"Profissional/MeuPerfil","Controllers/ProfissionalController.cs","156","1 - funcional e necessária","return View(profissional);"
"Profissional/Contato","Controllers/ProfissionalController.cs","204","3 - legado/compatibilidade; conferir observações","return View(prof);"
"Profissional/SalvarContato","Controllers/ProfissionalController.cs","219","3 - legado/compatibilidade; conferir observações","return RedirectToAction(""Contato"");"
"Profissional/Premium","Controllers/ProfissionalController.cs","235","3 - legado/compatibilidade; conferir observações","return View();"
"Servico/Criar","Controllers/ServicoController.cs","30","1 - funcional e necessária","return View();"
"Servico/GetSubcategorias","Controllers/ServicoController.cs","57","1 - funcional e necessária",""
"Servico/Salvar","Controllers/ServicoController.cs","66","1 - funcional e necessária","return RedirectToAction(""Login"", ""Usuario""); / return RedirectToAction(""Cadastro"", ""Usuario""); / return RedirectToAction(""Criar""); / return RedirectToAction(""Criar""); / return RedirectToAction(""Criar""); / return RedirectToAction(""Criar""); / return RedirectToAction(""Criar""); / return RedirectToAction(""Criar""); / return RedirectToAction(""MeusServicos"", ""Profissional""); / return RedirectToAction(""Criar""); / return RedirectToAction(""Criar"");"
"Servico/Editar","Controllers/ServicoController.cs","174","3 - legado/compatibilidade; conferir observações","return RedirectToAction(""MeusServicos"", ""Profissional"");"
"Servico/Editar","Controllers/ServicoController.cs","208","1 - funcional e necessária (POST de edição)","return RedirectToAction(""MeusServicos"", ""Profissional""); / return RedirectToAction(""MeusServicos"", ""Profissional""); / return RedirectToAction(""MeusServicos"", ""Profissional""); / return RedirectToAction(""MeusServicos"", ""Profissional"");"
"Servico/Excluir","Controllers/ServicoController.cs","275","1 - funcional e necessária","return RedirectToAction(""MeusServicos"", ""Profissional"");"
"Servico/Desativar","Controllers/ServicoController.cs","301","1 - funcional e necessária","return RedirectToAction(""MeusServicos"", ""Profissional"");"
"Servico/Subcategorias","Controllers/ServicoController.cs","321","3 - legado/compatibilidade; conferir observações",""
"Servico/Novo","Controllers/ServicoController.cs","329","3 - legado/compatibilidade; conferir observações","return RedirectToAction(""Login"", ""Usuario""); / return View();"
"Suporte/Index","Controllers/SuporteController.cs","13","1 - funcional e necessária","return View(""ContatoAjuda"");"
"Suporte/Enviar","Controllers/SuporteController.cs","19","1 - funcional e necessária","return RedirectToAction(""Login"", ""Usuario""); / return RedirectToAction(""Index"");"
"Suporte/ContatoAjuda","Controllers/SuporteController.cs","52","1 - funcional e necessária","return View();"
"Usuario/Cadastro","Controllers/UsuarioController.cs","12","1 - funcional e necessária","return View(""~/Views/Usuario/Cadastro.cshtml"");"
"Usuario/Login","Controllers/UsuarioController.cs","17","1 - funcional e necessária","return View(""~/Views/Usuario/Login.cshtml"");"
"Usuario/Cadastrar","Controllers/UsuarioController.cs","24","1 - funcional e necessária","return RedirectToAction(""Cadastro""); / return RedirectToAction(""Cadastro""); / return RedirectToAction(""Cadastro""); / return RedirectToAction(""Cadastro""); / return RedirectToAction(""Cadastro""); / return RedirectToAction(""Criar"", ""Servico""); / return RedirectToAction(""Lista"", ""Profissional"");"
"Usuario/Logar","Controllers/UsuarioController.cs","124","1 - funcional e necessária","return RedirectToAction(""Dashboard"", ""Profissional""); / return RedirectToAction(""Lista"", ""Profissional""); / return RedirectToAction(""Login"");"
"Usuario/Logout","Controllers/UsuarioController.cs","159","1 - funcional e necessária","return RedirectToAction(""Index"", ""Home"");"
"Usuario/AreaRestrita","Controllers/UsuarioController.cs","166","3 - legado/compatibilidade; conferir observações","return RedirectToAction(""Login"", ""Usuario""); / return View();"
"Usuario/Perfil","Controllers/UsuarioController.cs","178","1 - funcional e necessária","return RedirectToAction(""Login""); / return View(vm);"
"Usuario/MinhaConta","Controllers/UsuarioController.cs","224","3 - legado/compatibilidade; conferir observações","return View(usuario);"
"Usuario/PainelCliente","Controllers/UsuarioController.cs","241","1 - funcional e necessária","return RedirectToAction(""Login""); / return View(usuario);"
"Usuario/SalvarConta","Controllers/UsuarioController.cs","262","1 - funcional e necessária","return RedirectToAction(""Perfil""); / return RedirectToAction(""Perfil""); / return RedirectToAction(""Perfil""); / return RedirectToAction(""Perfil"");"
