"View","Tipo"
"Views\_ViewImports.cshtml","Composição/compartilhada; não requer ação própria"
"Views\_ViewStart.cshtml","Composição/compartilhada; não requer ação própria"
"Views\Admin\Dashboard.cshtml","Possui ação correspondente"
"Views\Agendamento\Meus.cshtml","Possui ação correspondente"
"Views\Agendamento\Novo.cshtml","Possui ação correspondente"
"Views\Agendamento\Recebidos.cshtml","Possui ação correspondente"
"Views\Home\Index.cshtml","Possui ação correspondente"
"Views\Home\Privacidade.cshtml","Possui ação correspondente"
"Views\Home\Privacy.cshtml","Possui ação correspondente"
"Views\Home\Termos.cshtml","Possui ação correspondente"
"Views\Local\Lista.cshtml","Possui ação correspondente"
"Views\Notificacao\Index.cshtml","Possui ação correspondente"
"Views\Notificacao\_NotificacoesDropdown.cshtml","Composição/compartilhada; não requer ação própria"
"Views\Pagamento\CheckoutPremium.cshtml","Possui ação correspondente"
"Views\Profissional\Dashboard.cshtml","Possui ação correspondente"
"Views\Profissional\Lista.cshtml","Possui ação correspondente"
"Views\Profissional\MeuPerfil.cshtml","Possui ação correspondente"
"Views\Profissional\MeusServicos.cshtml","Possui ação correspondente"
"Views\Profissional\PerfilPublico.cshtml","Possui ação correspondente"
"Views\Servico\Criar.cshtml","Possui ação correspondente"
"Views\Shared\Error.cshtml","Composição/compartilhada; não requer ação própria"
"Views\Shared\_Footer.cshtml","Composição/compartilhada; não requer ação própria"
"Views\Shared\_Layout.cshtml","Composição/compartilhada; não requer ação própria"
"Views\Shared\_ValidationScriptsPartial.cshtml","Composição/compartilhada; não requer ação própria"
"Views\Suporte\ContatoAjuda.cshtml","Possui ação correspondente"
"Views\Usuario\Cadastro.cshtml","Possui ação correspondente"
"Views\Usuario\Login.cshtml","Possui ação correspondente"
"Views\Usuario\PainelCliente.cshtml","Possui ação correspondente"
"Views\Usuario\Perfil.cshtml","Possui ação correspondente"
