"Arquivo","Linha","Coluna","Codigo","Mensagem"
"C:\Users\Vinicius\Desktop\Trampo\Controllers\BaseController.cs","56","20","CS8603","Possível retorno de referência nula."
"C:\Users\Vinicius\Desktop\Trampo\Controllers\Disponibilidade.cs","14","39","CS8604","Possível argumento de referência nula para o parâmetro 's' em 'int int.Parse(string s)'."
"C:\Users\Vinicius\Desktop\Trampo\Controllers\Disponibilidade.cs","40","39","CS8604","Possível argumento de referência nula para o parâmetro 's' em 'int int.Parse(string s)'."
"C:\Users\Vinicius\Desktop\Trampo\Controllers\NotificacaoController.cs","37","39","CS8604","Possível argumento de referência nula para o parâmetro 's' em 'int int.Parse(string s)'."
"C:\Users\Vinicius\Desktop\Trampo\Controllers\PagamentoController.cs","40","17","CS8600","Conversão de literal nula ou possível valor nulo em tipo não anulável."
"C:\Users\Vinicius\Desktop\Trampo\Controllers\PagamentoController.cs","43","17","CS8600","Conversão de literal nula ou possível valor nulo em tipo não anulável."
"C:\Users\Vinicius\Desktop\Trampo\Controllers\ProfissionalController.cs","164","27","CS8604","Possível argumento de referência nula para o parâmetro 's' em 'int int.Parse(string s)'."
"C:\Users\Vinicius\Desktop\Trampo\Controllers\ProfissionalController.cs","206","39","CS8604","Possível argumento de referência nula para o parâmetro 's' em 'int int.Parse(string s)'."
"C:\Users\Vinicius\Desktop\Trampo\Controllers\ProfissionalController.cs","221","39","CS8604","Possível argumento de referência nula para o parâmetro 's' em 'int int.Parse(string s)'."
"C:\Users\Vinicius\Desktop\Trampo\Controllers\ProfissionalController.cs","58","35","CS8600","Conversão de literal nula ou possível valor nulo em tipo não anulável."
"C:\Users\Vinicius\Desktop\Trampo\Controllers\ProfissionalController.cs","97","35","CS8600","Conversão de literal nula ou possível valor nulo em tipo não anulável."
"C:\Users\Vinicius\Desktop\Trampo\Controllers\UsuarioController.cs","186","27","CS8604","Possível argumento de referência nula para o parâmetro 's' em 'int int.Parse(string s)'."
"C:\Users\Vinicius\Desktop\Trampo\Controllers\UsuarioController.cs","201","28","CS8601","Possível atribuição de referência nula."
"C:\Users\Vinicius\Desktop\Trampo\Controllers\UsuarioController.cs","217","25","CS8601","Possível atribuição de referência nula."
"C:\Users\Vinicius\Desktop\Trampo\Controllers\UsuarioController.cs","232","27","CS8604","Possível argumento de referência nula para o parâmetro 's' em 'int int.Parse(string s)'."
"C:\Users\Vinicius\Desktop\Trampo\Controllers\UsuarioController.cs","249","27","CS8604","Possível argumento de referência nula para o parâmetro 's' em 'int int.Parse(string s)'."
"C:\Users\Vinicius\Desktop\Trampo\Controllers\UsuarioController.cs","270","27","CS8604","Possível argumento de referência nula para o parâmetro 's' em 'int int.Parse(string s)'."
"C:\Users\Vinicius\Desktop\Trampo\Controllers\UsuarioController.cs","275","17","CS8600","Conversão de literal nula ou possível valor nulo em tipo não anulável."
"C:\Users\Vinicius\Desktop\Trampo\Controllers\UsuarioController.cs","298","21","CS8604","Possível argumento de referência nula para o parâmetro 'contato' em 'void ProfissionalDAO.AtualizarContato(int profissionalId, string contato)'."
"C:\Users\Vinicius\Desktop\Trampo\Controllers\UsuarioController.cs","303","49","CS8604","Possível argumento de referência nula para o parâmetro 'telefone' em 'void UsuarioDAO.AtualizarConta(int id, string nome, string telefone)'."
"C:\Users\Vinicius\Desktop\Trampo\Controllers\UsuarioController.cs","60","21","CS8604","Possível argumento de referência nula para o parâmetro 'telefone' em 'int UsuarioDAO.Inserir(string nome, string email, string senha, string tipo, string telefone)'."
"C:\Users\Vinicius\Desktop\Trampo\Controllers\UsuarioController.cs","85","25","CS8604","Possível argumento de referência nula para o parâmetro 'documento' em 'void ProfissionalDAO.Inserir(int usuarioId, string tipoDocumento, string documento, string contato)'."
"C:\Users\Vinicius\Desktop\Trampo\Controllers\UsuarioController.cs","86","25","CS8604","Possível argumento de referência nula para o parâmetro 'contato' em 'void ProfissionalDAO.Inserir(int usuarioId, string tipoDocumento, string documento, string contato)'."
"C:\Users\Vinicius\Desktop\Trampo\DAO\AvaliacaoDAO.cs","54","38","CS8601","Possível atribuição de referência nula."
"C:\Users\Vinicius\Desktop\Trampo\DAO\AvaliacaoDAO.cs","55","39","CS8601","Possível atribuição de referência nula."
"C:\Users\Vinicius\Desktop\Trampo\DAO\CategoriaDAO.cs","26","32","CS8601","Possível atribuição de referência nula."
"C:\Users\Vinicius\Desktop\Trampo\DAO\NotificacaoDAO.cs","128","34","CS8601","Possível atribuição de referência nula."
"C:\Users\Vinicius\Desktop\Trampo\DAO\NotificacaoDAO.cs","129","36","CS8601","Possível atribuição de referência nula."
"C:\Users\Vinicius\Desktop\Trampo\DAO\NotificacaoDAO.cs","164","34","CS8601","Possível atribuição de referência nula."
"C:\Users\Vinicius\Desktop\Trampo\DAO\NotificacaoDAO.cs","165","36","CS8601","Possível atribuição de referência nula."
"C:\Users\Vinicius\Desktop\Trampo\DAO\NotificacaoDAO.cs","166","32","CS8601","Possível atribuição de referência nula."
"C:\Users\Vinicius\Desktop\Trampo\DAO\NotificacaoDAO.cs","179","20","CS8603","Possível retorno de referência nula."
"C:\Users\Vinicius\Desktop\Trampo\DAO\NotificacaoDAO.cs","55","34","CS8601","Possível atribuição de referência nula."
"C:\Users\Vinicius\Desktop\Trampo\DAO\NotificacaoDAO.cs","56","36","CS8601","Possível atribuição de referência nula."
"C:\Users\Vinicius\Desktop\Trampo\DAO\NotificacaoDAO.cs","57","32","CS8601","Possível atribuição de referência nula."
"C:\Users\Vinicius\Desktop\Trampo\DAO\ProfissionalDAO.cs","153","32","CS8601","Possível atribuição de referência nula."
"C:\Users\Vinicius\Desktop\Trampo\DAO\ProfissionalDAO.cs","161","36","CS8601","Possível atribuição de referência nula."
"C:\Users\Vinicius\Desktop\Trampo\DAO\ProfissionalDAO.cs","165","33","CS8601","Possível atribuição de referência nula."
"C:\Users\Vinicius\Desktop\Trampo\DAO\ProfissionalDAO.cs","167","44","CS8601","Possível atribuição de referência nula."
"C:\Users\Vinicius\Desktop\Trampo\DAO\ProfissionalDAO.cs","176","20","CS8603","Possível retorno de referência nula."
"C:\Users\Vinicius\Desktop\Trampo\DAO\ProfissionalDAO.cs","275","36","CS8600","Conversão de literal nula ou possível valor nulo em tipo não anulável."
"C:\Users\Vinicius\Desktop\Trampo\DAO\ProfissionalDAO.cs","95","32","CS8601","Possível atribuição de referência nula."
"C:\Users\Vinicius\Desktop\Trampo\DAO\ProfissionalDAO.cs","96","37","CS8601","Possível atribuição de referência nula."
"C:\Users\Vinicius\Desktop\Trampo\DAO\ProfissionalDAO.cs","97","39","CS8601","Possível atribuição de referência nula."
"C:\Users\Vinicius\Desktop\Trampo\DAO\SubcategoriaDAO.cs","26","32","CS8601","Possível atribuição de referência nula."
"C:\Users\Vinicius\Desktop\Trampo\DAO\SubcategoriaDAO.cs","50","32","CS8601","Possível atribuição de referência nula."
"C:\Users\Vinicius\Desktop\Trampo\DAO\SuporteDAO.cs","141","32","CS8601","Possível atribuição de referência nula."
"C:\Users\Vinicius\Desktop\Trampo\DAO\SuporteDAO.cs","142","35","CS8601","Possível atribuição de referência nula."
"C:\Users\Vinicius\Desktop\Trampo\DAO\SuporteDAO.cs","143","36","CS8601","Possível atribuição de referência nula."
"C:\Users\Vinicius\Desktop\Trampo\DAO\SuporteDAO.cs","144","34","CS8601","Possível atribuição de referência nula."
"C:\Users\Vinicius\Desktop\Trampo\DAO\SuporteDAO.cs","150","20","CS8603","Possível retorno de referência nula."
"C:\Users\Vinicius\Desktop\Trampo\DAO\SuporteDAO.cs","52","32","CS8601","Possível atribuição de referência nula."
"C:\Users\Vinicius\Desktop\Trampo\DAO\SuporteDAO.cs","53","35","CS8601","Possível atribuição de referência nula."
"C:\Users\Vinicius\Desktop\Trampo\DAO\SuporteDAO.cs","54","36","CS8601","Possível atribuição de referência nula."
"C:\Users\Vinicius\Desktop\Trampo\DAO\SuporteDAO.cs","55","34","CS8601","Possível atribuição de referência nula."
"C:\Users\Vinicius\Desktop\Trampo\DAO\SuporteDAO.cs","89","32","CS8601","Possível atribuição de referência nula."
"C:\Users\Vinicius\Desktop\Trampo\DAO\SuporteDAO.cs","90","35","CS8601","Possível atribuição de referência nula."
"C:\Users\Vinicius\Desktop\Trampo\DAO\SuporteDAO.cs","91","36","CS8601","Possível atribuição de referência nula."
"C:\Users\Vinicius\Desktop\Trampo\DAO\SuporteDAO.cs","92","34","CS8601","Possível atribuição de referência nula."
"C:\Users\Vinicius\Desktop\Trampo\DAO\UsuarioDAO.cs","151","32","CS8601","Possível atribuição de referência nula."
"C:\Users\Vinicius\Desktop\Trampo\DAO\UsuarioDAO.cs","152","33","CS8601","Possível atribuição de referência nula."
"C:\Users\Vinicius\Desktop\Trampo\DAO\UsuarioDAO.cs","153","32","CS8601","Possível atribuição de referência nula."
"C:\Users\Vinicius\Desktop\Trampo\DAO\UsuarioDAO.cs","163","20","CS8603","Possível retorno de referência nula."
"C:\Users\Vinicius\Desktop\Trampo\DAO\UsuarioDAO.cs","67","87","CS8603","Possível retorno de referência nula."
"C:\Users\Vinicius\Desktop\Trampo\DAO\UsuarioDAO.cs","79","20","CS8603","Possível retorno de referência nula."
"C:\Users\Vinicius\Desktop\Trampo\Models\Agendamento.cs","13","23","CS8618","O propriedade não anulável 'Status' precisa conter um valor não nulo ao sair do construtor. Considere adicionar o modificador ""obrigatório"" ou declarar o propriedade como anulável."
"C:\Users\Vinicius\Desktop\Trampo\Models\Agendamento.cs","14","23","CS8618","O propriedade não anulável 'Descricao' precisa conter um valor não nulo ao sair do construtor. Considere adicionar o modificador ""obrigatório"" ou declarar o propriedade como anulável."
"C:\Users\Vinicius\Desktop\Trampo\Models\Agendamento.cs","15","23","CS8618","O propriedade não anulável 'NomeCliente' precisa conter um valor não nulo ao sair do construtor. Considere adicionar o modificador ""obrigatório"" ou declarar o propriedade como anulável."
"C:\Users\Vinicius\Desktop\Trampo\Models\Agendamento.cs","16","23","CS8618","O propriedade não anulável 'NomeProfissional' precisa conter um valor não nulo ao sair do construtor. Considere adicionar o modificador ""obrigatório"" ou declarar o propriedade como anulável."
"C:\Users\Vinicius\Desktop\Trampo\Models\Agendamento.cs","17","23","CS8618","O propriedade não anulável 'Servico' precisa conter um valor não nulo ao sair do construtor. Considere adicionar o modificador ""obrigatório"" ou declarar o propriedade como anulável."
"C:\Users\Vinicius\Desktop\Trampo\Models\Agendamento.cs","18","23","CS8618","O propriedade não anulável 'Subcategoria' precisa conter um valor não nulo ao sair do construtor. Considere adicionar o modificador ""obrigatório"" ou declarar o propriedade como anulável."
"C:\Users\Vinicius\Desktop\Trampo\Models\Agendamento.cs","21","23","CS8618","O propriedade não anulável 'Atendimento' precisa conter um valor não nulo ao sair do construtor. Considere adicionar o modificador ""obrigatório"" ou declarar o propriedade como anulável."
"C:\Users\Vinicius\Desktop\Trampo\Models\Agendamento.cs","23","23","CS8618","O propriedade não anulável 'EnderecoLocal' precisa conter um valor não nulo ao sair do construtor. Considere adicionar o modificador ""obrigatório"" ou declarar o propriedade como anulável."
"C:\Users\Vinicius\Desktop\Trampo\Models\Agendamento.cs","24","23","CS8618","O propriedade não anulável 'ContatoProfissional' precisa conter um valor não nulo ao sair do construtor. Considere adicionar o modificador ""obrigatório"" ou declarar o propriedade como anulável."
"C:\Users\Vinicius\Desktop\Trampo\Models\Agendamento.cs","25","23","CS8618","O propriedade não anulável 'ContatoCliente' precisa conter um valor não nulo ao sair do construtor. Considere adicionar o modificador ""obrigatório"" ou declarar o propriedade como anulável."
"C:\Users\Vinicius\Desktop\Trampo\Models\Agendamento.cs","33","23","CS8618","O propriedade não anulável 'PlanoProfissional' precisa conter um valor não nulo ao sair do construtor. Considere adicionar o modificador ""obrigatório"" ou declarar o propriedade como anulável."
"C:\Users\Vinicius\Desktop\Trampo\Models\Agendamento.cs","40","23","CS8618","O propriedade não anulável 'TipoPreco' precisa conter um valor não nulo ao sair do construtor. Considere adicionar o modificador ""obrigatório"" ou declarar o propriedade como anulável."
"C:\Users\Vinicius\Desktop\Trampo\Models\Avaliacao.cs","12","23","CS8618","O propriedade não anulável 'Comentario' precisa conter um valor não nulo ao sair do construtor. Considere adicionar o modificador ""obrigatório"" ou declarar o propriedade como anulável."
"C:\Users\Vinicius\Desktop\Trampo\Models\Avaliacao.cs","15","23","CS8618","O propriedade não anulável 'NomeUsuario' precisa conter um valor não nulo ao sair do construtor. Considere adicionar o modificador ""obrigatório"" ou declarar o propriedade como anulável."
"C:\Users\Vinicius\Desktop\Trampo\Models\Categoria.cs","7","23","CS8618","O propriedade não anulável 'Nome' precisa conter um valor não nulo ao sair do construtor. Considere adicionar o modificador ""obrigatório"" ou declarar o propriedade como anulável."
"C:\Users\Vinicius\Desktop\Trampo\Models\Helper.cs","13","16","CS8603","Possível retorno de referência nula."
"C:\Users\Vinicius\Desktop\Trampo\Models\Helper.cs","18","16","CS8603","Possível retorno de referência nula."
"C:\Users\Vinicius\Desktop\Trampo\Models\Notificacao.cs","10","23","CS8618","O propriedade não anulável 'Mensagem' precisa conter um valor não nulo ao sair do construtor. Considere adicionar o modificador ""obrigatório"" ou declarar o propriedade como anulável."
"C:\Users\Vinicius\Desktop\Trampo\Models\Notificacao.cs","11","23","CS8618","O propriedade não anulável 'Tipo' precisa conter um valor não nulo ao sair do construtor. Considere adicionar o modificador ""obrigatório"" ou declarar o propriedade como anulável."
"C:\Users\Vinicius\Desktop\Trampo\Models\Notificacao.cs","9","23","CS8618","O propriedade não anulável 'Titulo' precisa conter um valor não nulo ao sair do construtor. Considere adicionar o modificador ""obrigatório"" ou declarar o propriedade como anulável."
"C:\Users\Vinicius\Desktop\Trampo\Models\PerfilViewModel.cs","11","23","CS8618","O propriedade não anulável 'Telefone' precisa conter um valor não nulo ao sair do construtor. Considere adicionar o modificador ""obrigatório"" ou declarar o propriedade como anulável."
"C:\Users\Vinicius\Desktop\Trampo\Models\PerfilViewModel.cs","13","23","CS8618","O propriedade não anulável 'Tipo' precisa conter um valor não nulo ao sair do construtor. Considere adicionar o modificador ""obrigatório"" ou declarar o propriedade como anulável."
"C:\Users\Vinicius\Desktop\Trampo\Models\PerfilViewModel.cs","16","23","CS8618","O propriedade não anulável 'ContatoPublico' precisa conter um valor não nulo ao sair do construtor. Considere adicionar o modificador ""obrigatório"" ou declarar o propriedade como anulável."
"C:\Users\Vinicius\Desktop\Trampo\Models\PerfilViewModel.cs","7","23","CS8618","O propriedade não anulável 'Nome' precisa conter um valor não nulo ao sair do construtor. Considere adicionar o modificador ""obrigatório"" ou declarar o propriedade como anulável."
"C:\Users\Vinicius\Desktop\Trampo\Models\PerfilViewModel.cs","9","23","CS8618","O propriedade não anulável 'Email' precisa conter um valor não nulo ao sair do construtor. Considere adicionar o modificador ""obrigatório"" ou declarar o propriedade como anulável."
"C:\Users\Vinicius\Desktop\Trampo\Models\Profissional.cs","14","23","CS8618","O propriedade não anulável 'Telefone' precisa conter um valor não nulo ao sair do construtor. Considere adicionar o modificador ""obrigatório"" ou declarar o propriedade como anulável."
"C:\Users\Vinicius\Desktop\Trampo\Models\Profissional.cs","16","23","CS8618","O propriedade não anulável 'Plano' precisa conter um valor não nulo ao sair do construtor. Considere adicionar o modificador ""obrigatório"" ou declarar o propriedade como anulável."
"C:\Users\Vinicius\Desktop\Trampo\Models\Profissional.cs","20","23","CS8618","O propriedade não anulável 'StatusAssinatura' precisa conter um valor não nulo ao sair do construtor. Considere adicionar o modificador ""obrigatório"" ou declarar o propriedade como anulável."
"C:\Users\Vinicius\Desktop\Trampo\Models\Servico.cs","10","23","CS8618","O propriedade não anulável 'Nome' precisa conter um valor não nulo ao sair do construtor. Considere adicionar o modificador ""obrigatório"" ou declarar o propriedade como anulável."
"C:\Users\Vinicius\Desktop\Trampo\Models\Servico.cs","11","23","CS8618","O propriedade não anulável 'Descricao' precisa conter um valor não nulo ao sair do construtor. Considere adicionar o modificador ""obrigatório"" ou declarar o propriedade como anulável."
"C:\Users\Vinicius\Desktop\Trampo\Models\Servico.cs","12","23","CS8618","O propriedade não anulável 'Atendimento' precisa conter um valor não nulo ao sair do construtor. Considere adicionar o modificador ""obrigatório"" ou declarar o propriedade como anulável."
"C:\Users\Vinicius\Desktop\Trampo\Models\Servico.cs","13","23","CS8618","O propriedade não anulável 'Endereco' precisa conter um valor não nulo ao sair do construtor. Considere adicionar o modificador ""obrigatório"" ou declarar o propriedade como anulável."
"C:\Users\Vinicius\Desktop\Trampo\Models\Servico.cs","14","23","CS8618","O propriedade não anulável 'Categoria' precisa conter um valor não nulo ao sair do construtor. Considere adicionar o modificador ""obrigatório"" ou declarar o propriedade como anulável."
"C:\Users\Vinicius\Desktop\Trampo\Models\Servico.cs","15","23","CS8618","O propriedade não anulável 'Subcategoria' precisa conter um valor não nulo ao sair do construtor. Considere adicionar o modificador ""obrigatório"" ou declarar o propriedade como anulável."
"C:\Users\Vinicius\Desktop\Trampo\Models\Servico.cs","20","23","CS8618","O propriedade não anulável 'DisponibilidadeTexto' precisa conter um valor não nulo ao sair do construtor. Considere adicionar o modificador ""obrigatório"" ou declarar o propriedade como anulável."
"C:\Users\Vinicius\Desktop\Trampo\Models\Servico.cs","22","23","CS8618","O propriedade não anulável 'DiasTexto' precisa conter um valor não nulo ao sair do construtor. Considere adicionar o modificador ""obrigatório"" ou declarar o propriedade como anulável."
"C:\Users\Vinicius\Desktop\Trampo\Models\Servico.cs","25","23","CS8618","O propriedade não anulável 'TipoPreco' precisa conter um valor não nulo ao sair do construtor. Considere adicionar o modificador ""obrigatório"" ou declarar o propriedade como anulável."
"C:\Users\Vinicius\Desktop\Trampo\Models\Subcategoria.cs","8","23","CS8618","O propriedade não anulável 'Nome' precisa conter um valor não nulo ao sair do construtor. Considere adicionar o modificador ""obrigatório"" ou declarar o propriedade como anulável."
"C:\Users\Vinicius\Desktop\Trampo\Models\Suporte.cs","10","23","CS8618","O propriedade não anulável 'Status' precisa conter um valor não nulo ao sair do construtor. Considere adicionar o modificador ""obrigatório"" ou declarar o propriedade como anulável."
"C:\Users\Vinicius\Desktop\Trampo\Models\Suporte.cs","7","23","CS8618","O propriedade não anulável 'Tipo' precisa conter um valor não nulo ao sair do construtor. Considere adicionar o modificador ""obrigatório"" ou declarar o propriedade como anulável."
"C:\Users\Vinicius\Desktop\Trampo\Models\Suporte.cs","8","23","CS8618","O propriedade não anulável 'Assunto' precisa conter um valor não nulo ao sair do construtor. Considere adicionar o modificador ""obrigatório"" ou declarar o propriedade como anulável."
"C:\Users\Vinicius\Desktop\Trampo\Models\Suporte.cs","9","23","CS8618","O propriedade não anulável 'Mensagem' precisa conter um valor não nulo ao sair do construtor. Considere adicionar o modificador ""obrigatório"" ou declarar o propriedade como anulável."
"C:\Users\Vinicius\Desktop\Trampo\Views\Agendamento\Meus.cshtml","9","31","CS8604","Possível argumento de referência nula para o parâmetro 's' em 'int int.Parse(string s)'."
"C:\Users\Vinicius\Desktop\Trampo\Views\Agendamento\Recebidos.cshtml","9","31","CS8604","Possível argumento de referência nula para o parâmetro 's' em 'int int.Parse(string s)'."
